-- phpMyAdmin SQL Dump
-- version 4.6.4
-- https://www.phpmyadmin.net/
--
-- Хост: 127.0.0.1
-- Время создания: Июл 17 2021 г., 23:51
-- Версия сервера: 5.7.15
-- Версия PHP: 7.0.10

SET SQL_MODE = "NO_AUTO_VALUE_ON_ZERO";
SET time_zone = "+00:00";


/*!40101 SET @OLD_CHARACTER_SET_CLIENT=@@CHARACTER_SET_CLIENT */;
/*!40101 SET @OLD_CHARACTER_SET_RESULTS=@@CHARACTER_SET_RESULTS */;
/*!40101 SET @OLD_COLLATION_CONNECTION=@@COLLATION_CONNECTION */;
/*!40101 SET NAMES utf8mb4 */;

--
-- База данных: `politeh_prac`
--

--
-- Дамп данных таблицы `containers`
--

INSERT INTO `containers` (`id`, `container_volume`, `fuel_volume`, `fuel_id`) VALUES
(1, 65000, 60000, 1),
(2, 65000, 59938, 2),
(3, 65000, 39891, 3),
(4, 65000, 0, NULL);

--
-- Дамп данных таблицы `fuel_transactions`
--

INSERT INTO `fuel_transactions` (`id`, `responsible_for`, `time_start`, `time_end`, `fuel_id`, `container_id`, `pump_id`, `fuel_volume`, `cost`) VALUES
(1, 1, '2021-07-14 17:32:27', '2021-07-15 15:01:43', 1, 1, 1, -20, 80000),
(2, 1, '2021-07-14 17:33:44', '2021-07-14 17:36:00', 2, 2, 1, -30, 123000),
(4, 1, '2021-07-15 12:21:26', '2021-07-15 15:03:16', 3, 3, 2, -40, 86240),
(5, 1, '2021-07-15 15:08:39', '2021-07-15 15:09:57', 3, 3, 4, -19, 40964),
(6, 1, '2021-07-15 15:31:57', '2021-07-15 15:32:15', 2, 2, 1, -17, 69700),
(7, 1, '2021-07-15 15:57:24', '2021-07-15 15:57:44', 3, 3, 2, -30, 64680),
(8, 1, '2021-07-17 14:15:12', '2021-07-17 14:15:22', 3, 3, 4, -20, 43120),
(9, 1, '2021-07-17 14:15:54', NULL, 2, 2, 2, -15, 61500),
(10, 1, '2021-07-17 14:16:12', NULL, 2, 2, 1, -30, 123000);

--
-- Дамп данных таблицы `fuel_types`
--

INSERT INTO `fuel_types` (`id`, `type`, `vendor`, `cost_buy`, `cost_sale`, `data`) VALUES
(1, 'АИ-92', 'РОСНЕФТЬ', 3000, 4000, ''),
(2, 'АИ-95', 'РОСНЕФТЬ', 3100, 4100, ''),
(3, 'ДТ', 'РОСНЕФТЬ', 1005, 2156, '');

--
-- Дамп данных таблицы `pumps`
--

INSERT INTO `pumps` (`id`, `status`, `tap_1`, `tap_2`, `tap_3`, `tap_4`, `tap_5`, `tap_6`) VALUES
(1, 1, 1, 2, 3, 1, 2, 3),
(2, 1, 1, 2, 3, 1, 2, 3),
(3, 1, 1, 4, NULL, 1, 4, NULL),
(4, 1, 3, 4, NULL, 3, 4, NULL);

--
-- Дамп данных таблицы `shifts`
--

INSERT INTO `shifts` (`id`, `time_start`, `time_end`) VALUES
(1, '2021-07-14 01:00:00', '2021-07-15 01:00:00'),
(2, '2021-07-15 01:00:00', '2021-07-16 01:00:00'),
(3, '2021-07-16 01:00:00', '2021-07-17 01:00:00'),
(4, '2021-07-17 01:00:00', '2021-07-18 01:00:00'),
(5, '2021-07-18 01:00:00', '2021-07-19 01:00:00'),
(6, '2021-07-19 01:00:00', '2021-07-20 01:00:00'),
(8, '2021-07-20 01:00:24', '2021-07-21 01:00:24');

--
-- Дамп данных таблицы `slaves`
--

INSERT INTO `slaves` (`id`, `fio`, `date_employ`, `pay_per_shift`, `rank`) VALUES
(1, 'Оля', '2021-07-14 11:05:13', 1000, 'Продован'),
(2, 'Жэка', '2021-07-16 12:51:28', 15000, 'Манагер'),
(3, 'Таня', '2021-07-17 07:59:09', 1000, 'Продован'),
(4, 'Витя', '2021-07-17 07:59:09', 700, 'Рабочий'),
(5, 'Гена', '2021-07-17 07:59:09', 700, 'Рабочий'),
(6, 'Лёша', '2021-07-17 07:59:09', 1900, 'Инженер'),
(7, 'Лена', '2021-07-17 07:59:09', 1000, 'Продован'),
(8, 'Вася', '2021-07-17 07:59:09', 700, 'Рабочий'),
(9, 'Дыня', '2021-07-17 07:59:09', 2000, 'Инженер');

--
-- Дамп данных таблицы `slaves_shifts`
--

INSERT INTO `slaves_shifts` (`slave_id`, `shift_id`) VALUES
(1, 1),
(1, 4),
(2, 1),
(2, 2),
(2, 3),
(2, 4),
(2, 5),
(2, 6),
(2, 8),
(3, 2),
(3, 5),
(3, 8),
(4, 1),
(4, 4),
(4, 8),
(5, 2),
(5, 5),
(5, 8),
(6, 2),
(6, 5),
(7, 3),
(7, 6),
(8, 3),
(8, 6),
(9, 1),
(9, 3),
(9, 4),
(9, 6),
(9, 8);

--
-- Дамп данных таблицы `users`
--

INSERT INTO `users` (`id`, `login`, `slave_id`, `type`) VALUES
(1, 'prodovan', 1, 3),
(2, 'manager', 2, 2);

/*!40101 SET CHARACTER_SET_CLIENT=@OLD_CHARACTER_SET_CLIENT */;
/*!40101 SET CHARACTER_SET_RESULTS=@OLD_CHARACTER_SET_RESULTS */;
/*!40101 SET COLLATION_CONNECTION=@OLD_COLLATION_CONNECTION */;
